{"version":6,"validation":{"int8":{"confusion_matrix":[[676,19],[18,631]],"classification_report":{"0":{"precision":0.9740634005763689,"recall":0.9726618705035971,"f1-score":0.9733621310295176,"support":695},"1":{"precision":0.9707692307692307,"recall":0.9722650231124808,"f1-score":0.9715165511932256,"support":649},"accuracy":0.9724702380952381,"macro avg":{"precision":0.9724163156727998,"recall":0.9724634468080389,"f1-score":0.9724393411113716,"support":1344},"weighted avg":{"precision":0.9724726891144397,"recall":0.9724702380952381,"f1-score":0.9724709246948796,"support":1344}},"roc_auc":0.9724634468080389,"loss":0.0710071032594812,"support":1344,"weighted_average":{"precision":0.9724726891144397,"recall":0.9724702380952381,"f1-score":0.9724709246948796},"class_names":["faucet","noise"]},"float32":{"confusion_matrix":[[677,18],[18,631]],"classification_report":{"0":{"precision":0.9741007194244604,"recall":0.9741007194244604,"f1-score":0.9741007194244604,"support":695},"1":{"precision":0.9722650231124808,"recall":0.9722650231124808,"f1-score":0.9722650231124806,"support":649},"accuracy":0.9732142857142857,"macro avg":{"precision":0.9731828712684706,"recall":0.9731828712684706,"f1-score":0.9731828712684705,"support":1344},"weighted avg":{"precision":0.9732142857142857,"recall":0.9732142857142857,"f1-score":0.9732142857142857,"support":1344}},"roc_auc":0.9731828712684706,"loss":0.06801247396110774,"support":1344,"weighted_average":{"precision":0.9732142857142857,"recall":0.9732142857142857,"f1-score":0.9732142857142857},"class_names":["faucet","noise"]}}}