{"version":6,"validation":{"int8":{"confusion_matrix":[[675,20],[18,631]],"classification_report":{"0":{"precision":0.974025974025974,"recall":0.9712230215827338,"f1-score":0.9726224783861671,"support":695},"1":{"precision":0.9692780337941628,"recall":0.9722650231124808,"f1-score":0.9707692307692306,"support":649},"accuracy":0.9717261904761905,"macro avg":{"precision":0.9716520039100685,"recall":0.9717440223476073,"f1-score":0.9716958545776988,"support":1344},"weighted avg":{"precision":0.9717332558634401,"recall":0.9717261904761905,"f1-score":0.9717275693806674,"support":1344}},"roc_auc":0.9717440223476073,"loss":0.07163443852007897,"support":1344,"weighted_average":{"precision":0.9717332558634401,"recall":0.9717261904761905,"f1-score":0.9717275693806674},"class_names":["faucet","noise"]},"float32":{"confusion_matrix":[[676,19],[18,631]],"classification_report":{"0":{"precision":0.9740634005763689,"recall":0.9726618705035971,"f1-score":0.9733621310295176,"support":695},"1":{"precision":0.9707692307692307,"recall":0.9722650231124808,"f1-score":0.9715165511932256,"support":649},"accuracy":0.9724702380952381,"macro avg":{"precision":0.9724163156727998,"recall":0.9724634468080389,"f1-score":0.9724393411113716,"support":1344},"weighted avg":{"precision":0.9724726891144397,"recall":0.9724702380952381,"f1-score":0.9724709246948796,"support":1344}},"roc_auc":0.9724634468080389,"loss":0.06856932210081844,"support":1344,"weighted_average":{"precision":0.9724726891144397,"recall":0.9724702380952381,"f1-score":0.9724709246948796},"class_names":["faucet","noise"]}},"test":{"float32":{"confusion_matrix":[[197,0],[0,197]],"classification_report":{"0":{"precision":1,"recall":1,"f1-score":1,"support":197},"1":{"precision":1,"recall":1,"f1-score":1,"support":197},"accuracy":1,"macro avg":{"precision":1,"recall":1,"f1-score":1,"support":394},"weighted avg":{"precision":1,"recall":1,"f1-score":1,"support":394}},"roc_auc":1,"loss":0.00369935442854956,"support":394,"weighted_average":{"precision":1,"recall":1,"f1-score":1},"class_names":["faucet","noise"]}}}