{"version":6,"validation":{"int8":{"confusion_matrix":[[370,1],[24,333]],"classification_report":{"0":{"precision":0.9390862944162437,"recall":0.9973045822102425,"f1-score":0.9673202614379085,"support":371},"1":{"precision":0.9970059880239521,"recall":0.9327731092436975,"f1-score":0.9638205499276412,"support":357},"accuracy":0.9656593406593407,"macro avg":{"precision":0.9680461412200979,"recall":0.9650388457269701,"f1-score":0.9655704056827749,"support":728},"weighted avg":{"precision":0.9674892210892546,"recall":0.9656593406593407,"f1-score":0.9656040567549891,"support":728}},"roc_auc":0.96503884572697,"loss":0.12765961992478841,"support":728,"weighted_average":{"precision":0.9674892210892546,"recall":0.9656593406593407,"f1-score":0.9656040567549891},"class_names":["noise","water flow"]},"float32":{"confusion_matrix":[[370,1],[24,333]],"classification_report":{"0":{"precision":0.9390862944162437,"recall":0.9973045822102425,"f1-score":0.9673202614379085,"support":371},"1":{"precision":0.9970059880239521,"recall":0.9327731092436975,"f1-score":0.9638205499276412,"support":357},"accuracy":0.9656593406593407,"macro avg":{"precision":0.9680461412200979,"recall":0.9650388457269701,"f1-score":0.9655704056827749,"support":728},"weighted avg":{"precision":0.9674892210892546,"recall":0.9656593406593407,"f1-score":0.9656040567549891,"support":728}},"roc_auc":0.96503884572697,"loss":0.12540004796958631,"support":728,"weighted_average":{"precision":0.9674892210892546,"recall":0.9656593406593407,"f1-score":0.9656040567549891},"class_names":["noise","water flow"]}},"test":{"float32":{"confusion_matrix":[[274,93],[2,472]],"classification_report":{"0":{"precision":0.9927536231884058,"recall":0.7465940054495913,"f1-score":0.8522550544323483,"support":367},"1":{"precision":0.8353982300884956,"recall":0.9957805907172996,"f1-score":0.9085659287776707,"support":474},"accuracy":0.8870392390011891,"macro avg":{"precision":0.9140759266384506,"recall":0.8711872980834454,"f1-score":0.8804104916050095,"support":841},"weighted avg":{"precision":0.9040658035339975,"recall":0.8870392390011891,"f1-score":0.8839926934807226,"support":841}},"roc_auc":0.8711872980834454,"loss":0.6248752555675914,"support":841,"weighted_average":{"precision":0.9040658035339975,"recall":0.8870392390011891,"f1-score":0.8839926934807226},"class_names":["noise","water flow"]}}}